latch,threads,run,latency_nanos
monitor,1,0,191299
monitor,1,1,237900
monitor,1,2,201600
monitor,1,3,157700
monitor,1,4,155400
monitor,1,5,126601
monitor,1,6,177700
monitor,1,7,207400
monitor,1,8,178201
monitor,1,9,143701
monitor,1,10,127001
monitor,1,11,151800
monitor,1,12,208700
monitor,1,13,150499
monitor,1,14,167500
monitor,1,15,165800
monitor,1,16,177099
monitor,1,17,138501
monitor,1,18,128600
monitor,1,19,140200
monitor,1,20,160500
monitor,1,21,170700
monitor,1,22,203599
monitor,1,23,144899
monitor,1,24,151100
monitor,1,25,173499
monitor,1,26,275800
monitor,1,27,149300
monitor,1,28,205100
monitor,1,29,205000
monitor,2,0,53200
monitor,2,1,53500
monitor,2,2,32200
monitor,2,3,66599
monitor,2,4,23400
monitor,2,5,59500
monitor,2,6,87500
monitor,2,7,71100
monitor,2,8,58800
monitor,2,9,271499
monitor,2,10,59600
monitor,2,11,52199
monitor,2,12,61300
monitor,2,13,50900
monitor,2,14,50900
monitor,2,15,56400
monitor,2,16,60800
monitor,2,17,61700
monitor,2,18,64600
monitor,2,19,46999
monitor,2,20,34500
monitor,2,21,65000
monitor,2,22,108000
monitor,2,23,32501
monitor,2,24,55799
monitor,2,25,59300
monitor,2,26,45001
monitor,2,27,29101
monitor,2,28,32800
monitor,2,29,48400
monitor,4,0,63900
monitor,4,1,85300
monitor,4,2,92600
monitor,4,3,47700
monitor,4,4,71400
monitor,4,5,89201
monitor,4,6,56300
monitor,4,7,91800
monitor,4,8,71000
monitor,4,9,69901
monitor,4,10,49300
monitor,4,11,41900
monitor,4,12,62099
monitor,4,13,56000
monitor,4,14,63600
monitor,4,15,37600
monitor,4,16,53099
monitor,4,17,42500
monitor,4,18,56099
monitor,4,19,45900
monitor,4,20,93000
monitor,4,21,52200
monitor,4,22,88400
monitor,4,23,105199
monitor,4,24,136199
monitor,4,25,116900
monitor,4,26,65100
monitor,4,27,86900
monitor,4,28,66400
monitor,4,29,71800
monitor,8,0,69200
monitor,8,1,73800
monitor,8,2,73400
monitor,8,3,112000
monitor,8,4,93100
monitor,8,5,97001
monitor,8,6,92500
monitor,8,7,106801
monitor,8,8,112599
monitor,8,9,116599
monitor,8,10,114900
monitor,8,11,102900
monitor,8,12,111700
monitor,8,13,119600
monitor,8,14,96900
monitor,8,15,101400
monitor,8,16,82300
monitor,8,17,116101
monitor,8,18,110100
monitor,8,19,111599
monitor,8,20,105601
monitor,8,21,184000
monitor,8,22,134101
monitor,8,23,148001
monitor,8,24,138101
monitor,8,25,132400
monitor,8,26,115100
monitor,8,27,161101
monitor,8,28,118500
monitor,8,29,103500
monitor,16,0,128000
monitor,16,1,95901
monitor,16,2,167600
monitor,16,3,145000
monitor,16,4,197200
monitor,16,5,105000
monitor,16,6,91200
monitor,16,7,112700
monitor,16,8,110100
monitor,16,9,152500
monitor,16,10,248099
monitor,16,11,287500
monitor,16,12,156200
monitor,16,13,151000
monitor,16,14,138500
monitor,16,15,169300
monitor,16,16,176800
monitor,16,17,174200
monitor,16,18,94801
monitor,16,19,111400
monitor,16,20,91900
monitor,16,21,100700
monitor,16,22,113201
monitor,16,23,116000
monitor,16,24,97199
monitor,16,25,98200
monitor,16,26,91300
monitor,16,27,99500
monitor,16,28,115101
monitor,16,29,181600
monitor,32,0,270801
monitor,32,1,247200
monitor,32,2,247300
monitor,32,3,367800
monitor,32,4,159900
monitor,32,5,257300
monitor,32,6,127601
monitor,32,7,134499
monitor,32,8,140900
monitor,32,9,148600
monitor,32,10,160800
monitor,32,11,280701
monitor,32,12,145199
monitor,32,13,241000
monitor,32,14,297099
monitor,32,15,164500
monitor,32,16,226300
monitor,32,17,149400
monitor,32,18,397900
monitor,32,19,118800
monitor,32,20,277800
monitor,32,21,105300
monitor,32,22,223100
monitor,32,23,121701
monitor,32,24,191701
monitor,32,25,111600
monitor,32,26,117200
monitor,32,27,127300
monitor,32,28,298999
monitor,32,29,329000
monitor,64,0,640200
monitor,64,1,304800
monitor,64,2,394699
monitor,64,3,790000
monitor,64,4,260600
monitor,64,5,269200
monitor,64,6,389800
monitor,64,7,217200
monitor,64,8,217600
monitor,64,9,333899
monitor,64,10,255399
monitor,64,11,193900
monitor,64,12,216100
monitor,64,13,222500
monitor,64,14,644600
monitor,64,15,195900
monitor,64,16,254600
monitor,64,17,455400
monitor,64,18,676000
monitor,64,19,625999
monitor,64,20,229401
monitor,64,21,682199
monitor,64,22,328200
monitor,64,23,336200
monitor,64,24,392799
monitor,64,25,279000
monitor,64,26,216000
monitor,64,27,661201
monitor,64,28,232700
monitor,64,29,363100
monitor,128,0,1098300
monitor,128,1,1182600
monitor,128,2,1289299
monitor,128,3,1352300
monitor,128,4,459300
monitor,128,5,423001
monitor,128,6,1435601
monitor,128,7,588900
monitor,128,8,1085400
monitor,128,9,804799
monitor,128,10,432200
monitor,128,11,732600
monitor,128,12,931700
monitor,128,13,1857000
monitor,128,14,746000
monitor,128,15,606800
monitor,128,16,1368700
monitor,128,17,1261400
monitor,128,18,913200
monitor,128,19,988400
monitor,128,20,832600
monitor,128,21,665000
monitor,128,22,1710300
monitor,128,23,531100
monitor,128,24,761101
monitor,128,25,1402400
monitor,128,26,492100
monitor,128,27,559200
monitor,128,28,1272000
monitor,128,29,1089300
naive,1,0,27400
naive,1,1,26001
naive,1,2,8300
naive,1,3,30500
naive,1,4,18600
naive,1,5,64500
naive,1,6,24501
naive,1,7,24901
naive,1,8,43600
naive,1,9,8500
naive,1,10,15600
naive,1,11,27500
naive,1,12,42700
naive,1,13,45700
naive,1,14,31200
naive,1,15,26100
naive,1,16,42300
naive,1,17,27800
naive,1,18,32500
naive,1,19,56001
naive,1,20,16900
naive,1,21,35501
naive,1,22,44300
naive,1,23,31400
naive,1,24,27600
naive,1,25,24300
naive,1,26,21800
naive,1,27,20600
naive,1,28,21700
naive,1,29,35500
naive,2,0,28400
naive,2,1,48900
naive,2,2,51701
naive,2,3,50401
naive,2,4,36400
naive,2,5,45000
naive,2,6,36099
naive,2,7,50201
naive,2,8,37899
naive,2,9,47100
naive,2,10,25800
naive,2,11,41600
naive,2,12,37300
naive,2,13,32500
naive,2,14,44100
naive,2,15,48100
naive,2,16,49100
naive,2,17,57099
naive,2,18,36400
naive,2,19,50501
naive,2,20,30000
naive,2,21,54800
naive,2,22,307600
naive,2,23,31400
naive,2,24,32200
naive,2,25,25600
naive,2,26,24800
naive,2,27,43999
naive,2,28,29800
naive,2,29,64700
naive,4,0,45700
naive,4,1,82001
naive,4,2,55800
naive,4,3,57300
naive,4,4,60800
naive,4,5,49000
naive,4,6,65399
naive,4,7,37800
naive,4,8,57500
naive,4,9,70300
naive,4,10,54500
naive,4,11,90400
naive,4,12,51001
naive,4,13,50100
naive,4,14,55799
naive,4,15,72500
naive,4,16,48600
naive,4,17,56100
naive,4,18,56300
naive,4,19,83300
naive,4,20,67099
naive,4,21,54300
naive,4,22,75001
naive,4,23,76800
naive,4,24,39900
naive,4,25,65100
naive,4,26,66900
naive,4,27,53400
naive,4,28,59400
naive,4,29,55300
naive,8,0,114800
naive,8,1,135300
naive,8,2,166799
naive,8,3,145999
naive,8,4,187899
naive,8,5,143200
naive,8,6,114199
naive,8,7,208899
naive,8,8,115600
naive,8,9,141800
naive,8,10,95299
naive,8,11,174500
naive,8,12,163100
naive,8,13,107901
naive,8,14,118700
naive,8,15,142900
naive,8,16,102900
naive,8,17,147299
naive,8,18,133500
naive,8,19,139900
naive,8,20,109400
naive,8,21,82799
naive,8,22,95901
naive,8,23,103700
naive,8,24,153800
naive,8,25,154399
naive,8,26,76700
naive,8,27,169899
naive,8,28,92500
naive,8,29,106201
naive,16,0,365699
naive,16,1,257100
naive,16,2,337500
naive,16,3,258900
naive,16,4,148500
naive,16,5,271000
naive,16,6,211400
naive,16,7,248800
naive,16,8,279699
naive,16,9,318300
naive,16,10,263800
naive,16,11,221900
naive,16,12,161201
naive,16,13,228900
naive,16,14,259801
naive,16,15,243600
naive,16,16,349801
naive,16,17,230399
naive,16,18,185899
naive,16,19,164600
naive,16,20,249300
naive,16,21,381001
naive,16,22,169300
naive,16,23,270400
naive,16,24,608400
naive,16,25,273999
naive,16,26,207400
naive,16,27,194800
naive,16,28,246899
naive,16,29,246600
naive,32,0,958000
naive,32,1,671901
naive,32,2,666300
naive,32,3,594800
naive,32,4,624300
naive,32,5,769900
naive,32,6,539400
naive,32,7,642999
naive,32,8,770800
naive,32,9,1191101
naive,32,10,864801
naive,32,11,748201
naive,32,12,545700
naive,32,13,810600
naive,32,14,614400
naive,32,15,681001
naive,32,16,514800
naive,32,17,1479100
naive,32,18,678300
naive,32,19,695300
naive,32,20,735800
naive,32,21,583100
naive,32,22,637800
naive,32,23,678501
naive,32,24,953000
naive,32,25,697100
naive,32,26,784000
naive,32,27,860701
naive,32,28,748999
naive,32,29,507200
naive,64,0,1274300
naive,64,1,1495900
naive,64,2,2016301
naive,64,3,1717099
naive,64,4,1585101
naive,64,5,1751900
naive,64,6,1845300
naive,64,7,1871201
naive,64,8,1835799
naive,64,9,1769000
naive,64,10,4076801
naive,64,11,1668100
naive,64,12,1898899
naive,64,13,2189601
naive,64,14,1408100
naive,64,15,1956700
naive,64,16,1609100
naive,64,17,1914599
naive,64,18,1134400
naive,64,19,1798200
naive,64,20,1466000
naive,64,21,1887699
naive,64,22,1557099
naive,64,23,1339800
naive,64,24,1914799
naive,64,25,1365000
naive,64,26,1944800
naive,64,27,1694700
naive,64,28,1035401
naive,64,29,1704601
naive,128,0,3312199
naive,128,1,3361099
naive,128,2,4398500
naive,128,3,3473801
naive,128,4,3473101
naive,128,5,2866599
naive,128,6,3359101
naive,128,7,2740399
naive,128,8,3720000
naive,128,9,3402099
naive,128,10,3636499
naive,128,11,3610800
naive,128,12,3406100
naive,128,13,3772200
naive,128,14,3625801
naive,128,15,3579300
naive,128,16,3758700
naive,128,17,6023299
naive,128,18,3350700
naive,128,19,3769500
naive,128,20,3980400
naive,128,21,3668700
naive,128,22,2989800
naive,128,23,3247701
naive,128,24,2918300
naive,128,25,2699000
naive,128,26,2724300
naive,128,27,4002800
naive,128,28,2893900
naive,128,29,4093100
